Locality,Sex
Belgium,Male
Belgium,Male
Belgium,Male
Belgium,Male
Belgium,Male
Belgium,Male
Belgium,Male
Belgium,Male
Belgium,Male
Belgium,Male
Belgium,Male
Belgium,Male
Belgium,Male
Belgium,Male
Belgium,Male
Belgium,Male
Belgium,Male
Belgium,Female
Belgium,Female
Belgium,Female
Belgium,Female
Belgium,Female
Belgium,Female
Belgium,Female
Belgium,Female
Belgium,Female
Belgium,Female
Belgium,Female
Belgium,Female
Belgium,Female
Belgium,Female
Belgium,Female
Belgium,Female
Belgium,Female
Belgium,Female
Belgium,Female
Belgium,Female
Belgium,Female
Belgium,Female
Belgium,Female
Belgium,Female
Belgium,Female
Belgium,Female
Belgium,Female
Belgium,Female
Belgium,Female
Belgium,Female
Holland,Male
Holland,Male
Holland,Male
Holland,Male
Holland,Male
Holland,Male
Holland,Male
Holland,Male
Holland,Male
Holland,Male
Holland,Male
Holland,Male
Holland,Male
Holland,Male
Holland,Male
Holland,Male
Holland,Male
Holland,Male
Holland,Male
Holland,Male
Holland,Male
Holland,Male
Holland,Male
Holland,Male
Holland,Male
Holland,Male
Holland,Male
Holland,Male
Holland,Male
Holland,Male
Holland,Male
Holland,Male
Holland,Male
Holland,Male
Holland,Male
Holland,Male
Holland,Male
Holland,Male
Holland,Male
Holland,Male
Holland,Male
Holland,Male
Holland,Male
Holland,Male
Holland,Male
Holland,Male
Holland,Male
Holland,Male
Holland,Male
Holland,Female
Holland,Female
Holland,Female
Holland,Female
Holland,Female
Holland,Female
Holland,Female
Holland,Female
Holland,Female
Holland,Female
Holland,Female
Holland,Female
Holland,Female
Holland,Female
Holland,Female
Holland,Female
Holland,Female
Holland,Female
Holland,Female
Holland,Female
Holland,Female
Holland,Female
Holland,Female
Holland,Female
Holland,Female
Holland,Female
Holland,Female
Holland,Female
Holland,Female
Holland,Female
Holland,Female
Holland,Female
Holland,Female
Holland,Female
Holland,Female
Holland,Female
Holland,Female
Holland,Female
Holland,Female
Holland,Female
Holland,Female
